{"cameraMode":{"drawMode":0,"name":"Shaded","section":"Shading Mode"},"sceneLighting":false,"audioPlay":false,"sceneViewState":{"showFog":true,"showMaterialUpdate":false,"showSkybox":true,"showFlares":true,"showImageEffects":true,"showParticleSystems":true},"in2DMode":false,"pivot":{"x":1.2828779220581055,"y":-0.5967593193054199,"z":3.510664463043213},"rotation":{"x":0.1621808260679245,"y":0.15618114173412324,"z":-0.026005944237113,"w":0.9739778637886047},"size":8.85661792755127,"orthographic":false}