{"cameraMode":{"drawMode":0,"name":"Shaded","section":"Shading Mode"},"sceneLighting":false,"audioPlay":false,"sceneViewState":{"showFog":true,"showMaterialUpdate":false,"showSkybox":true,"showFlares":true,"showImageEffects":true,"showParticleSystems":true},"in2DMode":false,"pivot":{"x":-0.17428803443908692,"y":1.9005157947540284,"z":-0.6240959167480469},"rotation":{"x":-0.17632488906383515,"y":-0.3010924458503723,"z":0.0567547008395195,"w":-0.9354329109191895},"size":6.909431457519531,"orthographic":false}