{"cameraMode":{"drawMode":0,"name":"Shaded","section":"Shading Mode"},"sceneLighting":false,"audioPlay":false,"sceneViewState":{"showFog":true,"showMaterialUpdate":false,"showSkybox":true,"showFlares":true,"showImageEffects":true,"showParticleSystems":true},"in2DMode":false,"pivot":{"x":8.964741706848145,"y":5.118429183959961,"z":19.11281967163086},"rotation":{"x":-0.02838031016290188,"y":-0.0898323804140091,"z":0.002569402800872922,"w":-0.9955654144287109},"size":30.280254364013673,"orthographic":false}