{"cameraMode":{"drawMode":0,"name":"Shaded","section":"Shading Mode"},"sceneLighting":false,"audioPlay":false,"sceneViewState":{"showFog":true,"showMaterialUpdate":false,"showSkybox":true,"showFlares":true,"showImageEffects":true,"showParticleSystems":true},"in2DMode":false,"pivot":{"x":4.290524482727051,"y":6.765552043914795,"z":8.003206253051758},"rotation":{"x":-0.10421382635831833,"y":-0.10570382326841355,"z":0.01113974116742611,"w":-0.9888617396354675},"size":18.563465118408204,"orthographic":false}