{"cameraMode":{"drawMode":0,"name":"Shaded","section":"Shading Mode"},"sceneLighting":false,"audioPlay":false,"sceneViewState":{"showFog":true,"showMaterialUpdate":false,"showSkybox":true,"showFlares":true,"showImageEffects":true,"showParticleSystems":true},"in2DMode":false,"pivot":{"x":0.1852569580078125,"y":3.5428671836853029,"z":16.64177894592285},"rotation":{"x":-0.05886436998844147,"y":0.19049470126628877,"z":-0.011436467058956623,"w":-0.9798765182495117},"size":33.505184173583987,"orthographic":false}