{"cameraMode":{"drawMode":0,"name":"Shaded","section":"Shading Mode"},"sceneLighting":false,"audioPlay":false,"sceneViewState":{"showFog":true,"showMaterialUpdate":false,"showSkybox":true,"showFlares":true,"showImageEffects":true,"showParticleSystems":true},"in2DMode":false,"pivot":{"x":6.144239902496338,"y":4.685729503631592,"z":-0.47213318943977358},"rotation":{"x":0.11050712317228317,"y":0.23409947752952577,"z":-0.02687317319214344,"w":0.9655386209487915},"size":13.004913330078125,"orthographic":false}